Cash Flows,Profit Margin,Revenue,Dividend,Growth,Short Term Guidance,Investment,Corporate Tax,Operating Cost,Market Share,Financial Position,Financing,Asset Impairment,Customer Segment Analysis,Inventory Turnover,Sales Pipeline,Foreign Exchange Impact,New Product Launches,Capacity Utilization,Litigation Risk,Geographic Expansion,Seasonality,Pricing Power,Partnerships And Collaborations,Debt-To-Equity Ratio,Backlog or order book status,Promotion Strategy,Productivity Metrics,Raw Material,Weather,Online Sales,Customer Acquisition Costs,Regulation,Productivity,Bundle Pricing Strategies,Supply Chain,Macroeconomics,Talent Hiring,Corporate Innovation,Insurance,Organization Restructuring,Marketing Strategy,Industry Forecast,Employee Headcount,Business Segment Breakdowns,Operational Risk,Product Performance,Artificial Intelligence,Challenges,Cloud Computing,Corporate Governance,Research and Development,Subsidiary Performance,Labor Costs,Funding Rate,Environmental,Firm Specific,CEO Transition,Customer Management,Business Strategy,Risk Hedging,Geopolitical Risk,Confident,Pension,Cybersecurity,Credit Rating,Regulation Risk,Financing Cost,Payment (Sales And Marketing),Social Responsibility,Machinery Outage,Compensation,Diluted Shares,Merger & Acquisition,Political Risk,Expiration,Loan Covenant,Sales Force Productivity,Employee Engagement,Liquidity Risk,Warrant Exercise,Option Exercise,IT Infrastructure Investment,Rumor,Flu Season,Industry benchmarking,Economic Forecast,Commodity,Auction,Industry Specific
cash_flow,gross_margin,income,dividend,growth,quarter,capex,tax,expense,market,balance_sheet,debt,impairment,customer,inventory,cross_sell,currency,launch,utilization,litigation,geography,seasonality,pricing,joint_venture,leverage,backlog,discount,efficiency,raw_material,weather,store,cost,regulatory,automation,bundle,supply_chain,inflation,hire,patent,reinsurance,restructuring_charge,brand,forecast,headcount,segment,risk,category,machine_learn,headwind,datum_center,board_meeting,funding,subsidiary,severance,deposit,carbon,fiber,ceo_search,loyalty_program,long_term,hedge,korean,feel_confident,pension,security,credit,stress_test,yield,milestone_payment,diversity,maintenance_outage,base_compensation,diluted_share,synergy,election,expire,covenant,sale_force,engagement,coverage_ratio,warrant,exercise_option,small_cell,hear_rumor,flu_season,apple_apple,crystal_ball,zinc,auction,drill
revenue,margin,increase,dividend_policy,organic,fourth,capital,effective_tax,cost,share,cash_flow,loan,impairment_charge,churn,shift_gear,mix,foreign_exchange,product,capacity,court,region,normal_seasonality,price,partnership,margin,order,rebate,productivity,commodity_price,cold_weather,online,acquisition,regulation,robotic,advanced_packaging,supplier,economy,turnover,intellectual_property,insurance,restructuring,brand_awareness,industry,quota_carry,division,safety,mix,cloud,headwind_tailwind,infrastructure,board,research_development,affiliate,termination_fee,reserve,renewable_energy,laser,permanent_ceo,gift_card,strategic,hedging,russian,feel_comfortable,pension_fund,cyber_security,credit_card,risk_weight,accretable_yield,milestone,community,maintenance_shutdown,incentive_comp,dilute_share,merger,political_uncertainty,shelf_life,compliance_covenant,arrow_quiver,passion_dedication,coverage,warrant_exercise,option_exercise,carrier,rumor,flu,comparison,digestion,copper_zinc,bidding,iron_ore
growth,lease,revenue,share_repurchase,top_line,guidance,investment,taxis,fee,penetration,cash,borrowing,depreciation,client,switch_gear,cross_selling,foreign_currency,release,capacity_constraint,appeal,country,typical_seasonality,increase,partner,valuation,book,incentive,improvement,cost,rain,sale,fee,compliance,labor,packaging,shipment,loan,talent,license,life_insurance,restructure,consumer,forecasting,head_head,breakdown,operational,product,security,tailwind,data_analytic,board_member,innovation,own_subsidiary,severance_charge,deposit_beta,biomass,flash_array,ceo,loyalty,opportunity,natural_hedge,subscriber,confident,pension_deficit,secure,credit_facility,stress_testing,portfolio,royalty,culture,maintenance,incentive_compensation,count,acquisition,government,expiration,covenant_covenant,hire,employee,distribution,warrant_warrant,option,indoor,rumor_speculation,season,apple_comparison,contracting,buoyancy,bid,drilling
increase,pipeline,adjust_ebitda,buyback,grow,expect,asset,defer_tax,operating,competitor,debt,bad_debt,depreciation_amortization,service_provider,booking,portfolio,constant_currency,platform,facility,legal,regional,seasonal,dynamic,collaboration,price,cancellation,concession,operational_efficiency,commodity,storm,retail,customer,permit,cost,pricing,distribution,monetary_policy,retention,patent_expire,insurance_reinsurance,change,innovation,sector,head,split,reliability,segment,technology,revenue,data_center,independent_director,development,entity,cost,deposit_gathering,energy,flash,interim_ceo,credit_card,strategy,policy,dividend_payout,feel,pension_liability,protection,credit_rating,stress_scenario,duration,payment,social,outage,bonus_accrual,basic_diluted,consolidation,political,life,breach_covenant,spit,team,write_off,exercise_warrant,exercise,macro,speculation_rumor,influenza,symbol,ball,copper_concentrate,participate,open_pit
balance_sheet,mobile_game,net,special_dividend,volume,expectation,capital_expenditure,tax_reform,overhead,gain,free_cash,refinance,goodwill,service,inventory_correction,product,local_currency,development,spare_capacity,settlement,geographic,seasonal_pattern,pressure,partnering,pricing,shipment,coupon,performance,input,winter_weather,mall_traffic,cogs,regulator,cost_cutting,price,supply,turkish_lira,recruiting,licensing,reinsurer,reorganization,convergent_offer,projection,employee,break,threat,big_chunk,solution,offset,capability,corporate_governance,project,separate_entity,expense,release,electricity,power,leadership,member,goal,unhedged,game,feel_uncomfortable,pension_scheme,unknown_threat,loan,stress,security,upfront_payment,school,shutdown,stock,share,integration,political_situation,longevity,revolving_credit,size,dedication,inflow_outflow,fair_warrant,deadline,fiber,comment,infectious_disease,compare,push_envelope,deficit,megahertz_auction,well_drill
quarter,rent,cash_flow,dividend_payout,rate,fiscal,fund,rate,corporate_overhead,competitive,equity,rate,charge_off,subscriber,shifting_gear,shift,canadian_dollar,road_map,plant,lawsuit,geographic_region,normal_seasonal,demand,relationship,pressure,ship,price,throughput,price,winter,commerce,subscriber,regulatory_framework,industrial_automation,bundle_bundle,shipping,growth,recruit,patent_patent,mortality,organizational_structure,luxury,industrial,head_office,unit,compliance,line,artificial_intelligence,quarter,cloud,shareholder,spend,standalone_entity,payment,interest_bear,air_pollution,laser_diode,role,program,leverage,strategy,nuclear_power,confidence,deficit,defense,downgrade,risk_weighting,yield_curve,receive,african_american,maintenance_downtime,incentive_accrual,diluted,acquire,federal_government,expiry,covenant_breach,top_performer,wonderful_job,idr,exercise,nondisclosure_agreement,tower,rhapsody,disease,direct_mail,dive,price,nugget,drill_well
adjust_ebitda,hotel,loan,payout_ratio,increase,range,capital_allocation,deferred_tax,professional_fee,position,liquidity,bond,amortization,exist,channel,change,exchange,evolve,nameplate_capacity,case,geographic_expansion,outlook,inflation,agreement,guess,delivery,incentive_comp,upgrade,resin,snow,traffic,chip,regulatory_requirement,reduction,cable,freight,income,recruitment,litigation,premium,structure,guest,predict,staff,divisional,uncertainty,gross_margin,iot,half,analytic,board_approve,fund,overseas_subsidiary,charge,cd,nuclear_power,fiber_tower,transition,loyalty_reward,target,lock,tariff,naysayer,lump_sum,cybersecurity,risk,asset,single_family,trigger,community_college,outage_outage,incentive,basic_dilute,opportunity,presidential_election,mortality,facility,sale_reps,terrific_job,cover,strike,expire,densification,policy,strain,variance,crystal_clear,smelter,bauxite,drill_hole
free_cash,tenant,quarter,shareholder,expansion,utilization,diversification,taxable_income,saving,competition,balance,sensitivity,goodwill_impairment,retention,switching_gear,blend,dollar,time_frame,production,arbitration,expansion,quarter,environment,alliance,range,contract,pricing,improve,material,weather_pattern,productivity,manufacturing,regulatory_compliance,efficiency,package,delivery,economic,hiring,licensing_agreement,cat,structural,branding,metric,hire,rough_breakdown,project,performance,application,neutral,network,director,cost,manager_affiliate,termination,campaign,emission,technology,candidate,reward,short,collar,user,comfortable,pension_trustee,secure_unsecured,quality,bank,investment,approval,worker,routine_maintenance,accrual,outstanding,consolidate,uncertainty,lifetime,amendment,people,loyalty,advisement,outstanding,american,deployment,speculation,circulate,machining,lag,skeptic,consignment,grade
cash,gross_profit,compare,repurchase,accelerate,calendar,cap,cash,administrative_expense,presence,capital,financing,amortization_intangible,business,dealer,margin,australian_dollar,roadmap,horsepower,judge,location,typical_seasonal,premium,jv_partner,operate,cancel,renegotiation,operational,inflation,hurricane,mall,integration,approval,robotic_automation,discount,procurement,bank,attrition,patent_infringement,underwriting,realignment,fashion,market,quota_carrier,report,issue,split,device,face,datum,special_committee,spending,parent,saving,funding,power_plant,fan,search,card,opportunity_arise,price,data_usage,guidance,liability,attack,debit_card,probability_default,bond,equal_installment,cultural,repair_maintenance,compensation,dilute,synergy_realization,politician,contract,waiver,graph,happy,provision,stock,mr,wireless_carrier,pure_speculation,knock_wood,discretion,upstream,concentrate,bidder,meter
strong,competitive_landscape,gaap,stock_buyback,trend,half,portfolio,valuation_allowance,noninterest_expense,growth,burn,mortgage,purchase_accounting,base,helpful_switching,price,euro,evolution,unused_capacity,patent,geographic_footprint,strong,volume,cooperation,lever,booking,reduction,continuous_improvement,canadian_dollar,flood,retailer,charge,government,machine,product,ship,banking,churn,patent_litigation,cede_commission,hasn_change,launch,outlook,people,operation,management,margin,attack,guess,data,board_authorize,technology,equity,employee,hike,natural_gas,application,executive,loyal,medium,volatility,handset,handicapping,trustee,sensitive_information,portfolio,scenario,reinvestment,upcoming_milestone,student,shutdown_shutdown,stock_compensation,dilution,company,vote_vote,longevity_swap,quid_pro,rep,veteran,npl,public_filing,push_button,antenna,speculative,health_care,apple_orange,baccarat,sufficient_liquidity,selective,ore
continue,leasing_spread,growth,interim_dividend,revenue,month,noncore_asset,income,expenditure,player,leverage,net,contingent_consideration,enterprise,distributor,vary_depend,british_pound,generation,efficiency,law,territory,fourth,stable,strategic,power,deliver,promotional,fine_tuning,steel,warm_weather,salesperson,production,regulatory_approval,robot,cable_operator,vendor,capital_adequacy,employee,patent_expiration,interruption_insurance,corporate,marketing_campaign,prediction,rep,reporting,security,assortment,machine_learning,site_selection,platform,governance,research,ultimate_outcome,onetime,depositor,renewable,welding,executive_search,guest,bright,oil,sticker,manufacturable,obligation,confidential_information,fico_score,loan,equity,initiation,hispanic,schedule,variable_compensation,convertible,deal,state,renewal,amend_extended,sale,servant,resumption,reverse_split,jet,site,stadium,alere,variant,tipping_point,hidden,rwe,ore_body
income,business,balance_sheet,cash,strong,time_frame,diversify,loss_carryforward,legal,grow,refinance,debt_repayment,write_off,large,destocke,sale,translation_effect,innovation,resource,trial,north_american,pattern,change,collaborate,energy,unannounced_order,incentive_compensation,update,raw_mat,rainy_season,comp,marketing,inspection,automate,pack,supply_constraint,increase,staff,lawsuit,loss,organization,strong,vertical_integration,quota,segmentation,operation,item,network,comp,technology,decision,investment,company,personnel,rate,sustainability,dark_fiber,senior,marketing,future,layer,coal_fire,degree_confidence,scheme,protect,nonaccrual,adverse_scenario,enhancement,recognize,people,unplanne_outage,bonus,diluted_weighted,cost,bipartisan_support,agreement,file_tomorrow,pain,worth_pointing,target,disappear,obligate,outdoor,explore_option,outbreak,relinquish,museum,precious_metal,forthcoming,mine_life
net,growth,expense,stock,acceleration,flat,invest,tax_shield,charge,price,flow,borrower,write_down,subscription,level,sell,translation,feature,megawatt,claim,geographical,seasonal_uptick,market,joint,ratio,delay,premium,execution,metal,weather_condition,performance,price,restriction,software,bundled,export,investment,training,patent_protection,property_casualty,charge,campaign,small_diameter,reduction,separate,regulator,break,platform,expect,upgrade,committee,expenditure,profit_sharing,incur,broker,pellet_plant,cutting,appointment,customer,ambition,hedged,power_plant,tone_tenor,contribution,immune_system,provision,financial_crisis,average,regulatory_approval,donation,maintenance_repair,accrue,diluted_earning,merge,governor,expire_expire,bank,sell,dedication_hard,gabe,denominator_calculation,restrict_stock,cell,marketplace,death,flippant,gaze,premium,qualify,zone
investment,revenue,decrease,free_cash,slow,run,capitalize,discrete_item,corporate,addressable,financing,repayment,intangible_asset,relationship,destocking,effect,impact,update,add,preliminary_injunction,expand,sequential,competition,venture,comfortable,incoming_order,rebate_rebate,process,synthetic_rubber,polar_vortex,rep,commission,regulate,technology,pack_pack,center,unemployment,recruit_talent,infringe_patent,risk,org_structure,portfolio,unorganized_sector,count,cut,control,quad_core,enterprise,quantify,server,role,budget,combined_entity,restructure,growth,environmental,printer,successor,reward_loyalty,baseband,natural_hedging,profit,claw,discount,unsecured,credit_scoring,capital,origination,collaboration,violence,turnaround,expense,basic,synergie,politic,unrealized_loss,amend,body,successful,comfortable,exercisable,grandfathere,anchor_tenant,festival,weather_pattern,og,rig_count,output,conduct,exploration
financial,public_cloud,gross_profit,cash_flow,half,estimate,return,deduction,incur,emerge,bond,borrow,asset,platform,aged_inventory,line,currency_translation,version,idle,file,market,business,lag,affiliation_agreement,cost,sort,promotion,ratio,pricing,snowfall,salespeople,purchase,environmental_permit,productivity,offer,efficiency,gdp,retain_talent,file,disability,replace,share,price,salary,operating,execution,piece,video,guidance,intelligence,committee_meeting,money,loss,relate,strengthen,climate,ink,resign,gift,focus,exposure,refining,flawless,surplus,threat,rating,mortgage,bps,receipt,workforce,plan,quarter,convert,transaction,delegate,negotiation,cautionary,regrow,finality,max,share,agreement,deploy,FALSE,seasonal_influenza,slide_deck,fed,production,activity,resource
gross_margin,strong,total,share,quarter,projection,wealth_management,tax_refund,spend,size,asset,repay,write_goodwill,cloud,quarter,diversify,forex,timeline,manufacturing,appeal_court,geographie,half,competitive,arrangement,dollar,visibility,policy,run,import,severe_weather,website,shipping,rule,work,unbundle,network,foreign_currency,people,patent_expiry,quota,corporate_headquarters,social_medium,demand,personnel,reportable_segment,safe,mixture,deep_learning,growth,capex,director_director,capitalize,profit,bonus,rise,fuel_cell,diode,senior_leadership,promotional_activity,plan,month,payout_ratio,wrong_impression,payment,information,loss,ccar,retail_nonretail,revenue,political,downtime,reversal,found_member,business,election_election,wine,compliance,brigatinib,culture,coup,trading,anchor,tenancy,writer,hotspot,comparable,repayment,ore_body,farming,life_mine
business,cloud,investment,equity,slowdown,impact,disposition,pay,reduction,guess,restricted_cash,lending,charge,quality,stock,overlap,yen,adoption,storage,decision,global,weak,raise,exclusive,elasticity,wait,renegotiate,operation,oil,mild_winter,internet,service,policy,factory_automation,triple_play,packaging,central_bank,leave,patent_lawsuit,mortality_morbidity,organizational,marketing,forecaster,worker,unallocated,business,segmentation,public_cloud,wind,application,independent,technological_innovation,affiliation,restructuring,stabilization,greenhouse_gas,network,search_permanent,offer,horizon,place,dividend,convey_message,rate,cyber,deterioration,portfolio,flattening_yield,eligible,curriculum,shut,fourth,ish_ish,strategic,risk,option,foregone_conclusion,lloyd,join_tonight,writing,prospectus_file,date,network,veracity,severe,benign,cathy,copper,santander,mineralization
debt,leasing,continue,buyback_authorization,imply,forecast,reit,credit,onetime,business,payment,bank,write,grow,inventory_buildup,sort,hedge,design,run,injunction,cross_border,season,hike,announce,target,month,sale,benefit,pressure,drought,digital,pay,law,optimization,multiple,logistic,sector,skill_set,transfer,cede_premium,remain_unchanged,market,economy,quota_bear,business,manage,give_color,user,fourth,analytical_capability,member,nuclear_waste,joint_venture,quarter,stable,terawatt_hour,fiber_optic,president,mobile_app,objective,protect_downside,revenue,stop_bleed,cash,surveillance,composite_score,risk,proppant_loading,lump_sum,distinctive_feature,nitrate,noncash,couple_quickie,target,midterm_election,life_expectancy,cure,decorate,shareholder,matured,price,upsize,dark_fiber,refute,mortality,mid_single,murky,ore,goalpost,mining
sale,long_term,cash,capital,sequential,guess,divest,tax_exempt,relate,lose,pay,pay,disposal,add,shipment,client,exposure,announcement,bottleneck,lawyer,area,expect,tiere_pricing,strategic_alliance,ability,receive,fair,operating,aluminum,winter_storm,marketplace,product,issue,reduce,solution,module_shipment,currency,recruiter,royalty,claim,business,category,benchmark,voluntary_involuntary,divide,process,sku,enable,plus_minuse,storage,appoint,dollar,legal_entity,pay,borrowing,carbon_emission,advanced_packaging,executive_team,send_message,long,rolling,advertisement,division_president,funding,screen_protection,credit_union,regulator,reinvest_proceed,pivotal_trial,child_age,mill_mill,share,earn_out,potential,federal,renew,agreement,usher,colleague,long_term,rep_warranty,notice,tone_conversation,contradict,acuity,exclude,inflection_point,expansion,gigahertz,gold
grow,continue,strong,ordinary_dividend,flat,quarterly,liquidity,bonus_depreciation,branch_closure,penetrate,fund,ebitda,accounting,product,restock,vary,swiss_franc,technology,utilize,process,local,seasonal_slowdown,tio,work,volume,reorder,fee,increase,increase,ice_storm,brick_mortar,acquire,environment,saving,quad_play,import,country,skill,trade_secret,insurer,strategy,product,expectation,workforce,breakup,failure,component,software,sound,predictive_analytic,meeting,effort,separate,cash,municipality,fossil_fuel,vectore,manager,consumer,stakeholder,euro_pound,contact_department,dub,solvency,parental_control,benign,loss,accretable,late_stage,visual,material_handling,comp,average,,vote,fullness_time,plenty_room,add,echo_sentiment,growth,raise,boralex,backhaul,unfortunate,vaccine,gem,duncan,lead,tricky,grade_gram
,,revenue,combine_ratio,double_digit,,,,,,pro_forma,,,cohort,,,,,,,,,,confidentiality_agreement,,jump_queue,,,,,,,,,,want_circle,macro_environment,,,,,advertising,,,,,,,,,,,,minimum_wage,,,,retirement,customer_satisfaction,,,chinese,,,,rating_agency,,,,,,,,,,,,,,,,,,,,,difficult_predict,,,big_picture
,,profit,payout_ratio,single_digit,,,,,,basis,,,customer,,,,,,,,,,disclose,,back_queue,,,,,,,,,,logistical,macro,,,,,marketing,,,,,,,,,,,,wage_inflation,,,,congratulation,score,,,sovereign_exposure,,,,grade_rating,,,,,,,,,,,,,,,,,,,,,impossible_predict,,,ole
,,gross_profit,ratio,mid_single,,,,,,acquisition,,,old_cohort,,,,,,,,,,disclosure,,hop_queue,,,,,,,,,,opt,,,,,,marketing_campaign,,,,,,,,,,,,wage,,,,pleasure,guest_satisfaction,,,chinese_government,,,,rating,,,,,,,,,,,,,,,,,,,,,soft_landing,,,film
,,income,loss,double_digits,,,,,,revenue,,,cohort_cohort,,,,,,,,,,confidential,,queue,,,,,,,,,,dual,,,,,,advertising_campaign,,,,,,,,,,,,labor,,,,congrat,feedback,,,sovereign,,,,credit_rating,,,,,,,,,,,,,,,,,,,,,predict,,,tv_panel
,,profitability,underlie,digit,,,,,,growth,,,client,,,,,,,,,,confidentiality,,great,,,,,,,,,,entice,,,,,,campaign,,,,,,,,,,,,inflation,,,,wish_retirement,happy,,,sovereign_wealth,,,,debt,,,,,,,,,,,,,,,,,,,,,appraiser,,,movie
,,net,motor,growth,,,,,,ebitda,,,demographic,,,,,,,,,,liberty_disclose,,hop,,,,,,,,,,pent_demand,,,,,,advertiser,,,,,,,,,,,,wage_hike,,,,luck,satisfaction,,,country,,,,detailed_review,,,,,,,,,,,,,,,,,,,,,buyer,,,oled
,,client,attritional_loss,triple_digit,,,,,,organic,,,segment,,,,,,,,,,information,,participant,,,,,,,,,,weld,,,,,,political_advertising,,,,,,,,,,,,hourly_wage,,,,career,smile_face,,,risk_weight,,,,rating_downgrade,,,,,,,,,,,,,,,,,,,,,rebuilding,,,box_office
,,percentage,claim,low,,,,,,combine,,,enrollment,,,,,,,,,,agreement,,helpful,,,,,,,,,,pen_demand,,,,,,tv,,,,,,,,,,,,salary,,,,pende,customer,,,european,,,,conversation,,,,,,,,,,,,,,,,,,,,,unwavere_commitment,,,film_slate
,,profitable,nat_cat,grow,,,,,,forma,,,segmentation,,,,,,,,,,contractual_obligation,,quick,,,,,,,,,,rezone,,,,,,election,,,,,,,,,,,,employee,,,,sad,rating,,,usual_suspect,,,,agency,,,,,,,,,,,,,,,,,,,,,inspection_inspection,,,panel
,,gross,underwriting,high,,,,,,exclude,,,sample_size,,,,,,,,,,confidential_information,,color,,,,,,,,,,ebb_flow,,,,,,spend,,,,,,,,,,,,salary_wage,,,,congratulate_promotion,client,,,western_european,,,,geographic_diversification,,,,,,,,,,,,,,,,,,,,,toll_road,,,sized_panel
,,recur,short_tail,single_digits,,,,,,leverage,,,concentration,,,,,,,,,,contract,,final,,,,,,,,,,constraint,,,,,,promotion,,,,,,,,,,,,pressure,,,,retire,consumer_behavior,,,bond,,,,investment,,,,,,,,,,,,,,,,,,,,,addition_subtraction,,,quantum_dot
,,user,solvency_ratio,mid,,,,,,include,,,user,,,,,,,,,,public,,guy,,,,,,,,,,presume,,,,,,national,,,,,,,,,,,,increase,,,,enjoy,content,,,eurasian,,,,grade,,,,,,,,,,,,,,,,,,,,,warning_letter,,,ole_display
,,contribution,reserve,digits,,,,,,pro,,,analysis,,,,,,,,,,definitive_agreement,,revenue,,,,,,,,,,extrapolate,,,,,,efficiency,,,,,,,,,,,,worker_compensation,,,,congratulation_appointment,quality,,,sovereign_sovereign,,,,discussion,,,,,,,,,,,,,,,,,,,,,hearten,,,tv
,,monetization,cat,mid_upper,,,,,,math,,,consumer,,,,,,,,,,detailed,,operator,,,,,,,,,,refinery,,,,,,advertisement,,,,,,,,,,,,casual_dining,,,,retire_retire,survey,,,government,,,,leverage,,,,,,,,,,,,,,,,,,,,,prediction,,,title
,,recognition,target,comp,,,,,,dobank,,,marketing,,,,,,,,,,materiality,,competitive_landscape,,,,,,,,,,muddy,,,,,,brand,,,,,,,,,,,,tip,,,,phenomenal_job,satisfaction_score,,,foreign,,,,constructive_conversation,,,,,,,,,,,,,,,,,,,,,rough_idea,,,display
,,percent,accident,range,,,,,,adjustment,,,metric,,,,,,,,,,allow,,previous_questioner,,,,,,,,,,discontinuous,,,,,,national_advertiser,,,,,,,,,,,,pay,,,,upward_revision,smile,,,nationality,,,,alleviate_concern,,,,,,,,,,,,,,,,,,,,,judgment,,,panel_maker
,,recognize,cat_loss,revenue,,,,,,report,,,profile,,,,,,,,,,specific,,update,,,,,,,,,,silver,,,,,,roi,,,,,,,,,,,,hour,,,,adventure,compliment,,,geopolitical,,,,equity,,,,,,,,,,,,,,,,,,,,,builder,,,blackout_period
,,quarter,normalize,business,,,,,,annualize,,,large,,,,,,,,,,teacher,,growth,,,,,,,,,,nickel,,,,,,ad,,,,,,,,,,,,cost,,,,working,,,,irish,,,,contact,,,,,,,,,,,,,,,,,,,,,bankrupt,,,long_term
,,subscription,corrective_measure,strong,,,,,,tutor,,,hyper_scale,,,,,,,,,,haven,,kind,,,,,,,,,,shifting,,,,,,billboard,,,,,,,,,,,,state,,,,miss,,,,risk,,,,unrated,,,,,,,,,,,,,,,,,,,,,wildcard,,,guess
,,statement,claim_frequency,rate,,,,,,transaction,,,beta,,,,,,,,,,transaction,,electronic_monitoring,,,,,,,,,,gallon,,,,,,effectiveness,,,,,,,,,,,,payroll,,,,geographic_breakdown,,,,bank,,,,hybrid,,,,,,,,,,,,,,,,,,,,,fast,,,technology
,,,,,,,,,,,,,,,,,,,,,,,,,order_intake,,,,,,,,,,,,,,,,,,,,,,,,,,,,,,,,,,,,,,,,,,,,,,,,,,,,,,,,,,,,,,,,big_picture
,,,,,,,,,,,,,,,,,,,,,,,,,order,,,,,,,,,,,,,,,,,,,,,,,,,,,,,,,,,,,,,,,,,,,,,,,,,,,,,,,,,,,,,,,,ole
,,,,,,,,,,,,,,,,,,,,,,,,,intake,,,,,,,,,,,,,,,,,,,,,,,,,,,,,,,,,,,,,,,,,,,,,,,,,,,,,,,,,,,,,,,,film
,,,,,,,,,,,,,,,,,,,,,,,,,backlog,,,,,,,,,,,,,,,,,,,,,,,,,,,,,,,,,,,,,,,,,,,,,,,,,,,,,,,,,,,,,,,,tv_panel
,,,,,,,,,,,,,,,,,,,,,,,,,book_bill,,,,,,,,,,,,,,,,,,,,,,,,,,,,,,,,,,,,,,,,,,,,,,,,,,,,,,,,,,,,,,,,movie
,,,,,,,,,,,,,,,,,,,,,,,,,unannounced_order,,,,,,,,,,,,,,,,,,,,,,,,,,,,,,,,,,,,,,,,,,,,,,,,,,,,,,,,,,,,,,,,oled
,,,,,,,,,,,,,,,,,,,,,,,,,strong,,,,,,,,,,,,,,,,,,,,,,,,,,,,,,,,,,,,,,,,,,,,,,,,,,,,,,,,,,,,,,,,box_office
,,,,,,,,,,,,,,,,,,,,,,,,,prepayment,,,,,,,,,,,,,,,,,,,,,,,,,,,,,,,,,,,,,,,,,,,,,,,,,,,,,,,,,,,,,,,,film_slate
,,,,,,,,,,,,,,,,,,,,,,,,,passive_safety,,,,,,,,,,,,,,,,,,,,,,,,,,,,,,,,,,,,,,,,,,,,,,,,,,,,,,,,,,,,,,,,panel
,,,,,,,,,,,,,,,,,,,,,,,,,project,,,,,,,,,,,,,,,,,,,,,,,,,,,,,,,,,,,,,,,,,,,,,,,,,,,,,,,,,,,,,,,,sized_panel
,,,,,,,,,,,,,,,,,,,,,,,,,book,,,,,,,,,,,,,,,,,,,,,,,,,,,,,,,,,,,,,,,,,,,,,,,,,,,,,,,,,,,,,,,,quantum_dot
,,,,,,,,,,,,,,,,,,,,,,,,,ramp_up,,,,,,,,,,,,,,,,,,,,,,,,,,,,,,,,,,,,,,,,,,,,,,,,,,,,,,,,,,,,,,,,ole_display
,,,,,,,,,,,,,,,,,,,,,,,,,quarter,,,,,,,,,,,,,,,,,,,,,,,,,,,,,,,,,,,,,,,,,,,,,,,,,,,,,,,,,,,,,,,,tv
,,,,,,,,,,,,,,,,,,,,,,,,,automotive,,,,,,,,,,,,,,,,,,,,,,,,,,,,,,,,,,,,,,,,,,,,,,,,,,,,,,,,,,,,,,,,title
,,,,,,,,,,,,,,,,,,,,,,,,,top_line,,,,,,,,,,,,,,,,,,,,,,,,,,,,,,,,,,,,,,,,,,,,,,,,,,,,,,,,,,,,,,,,display
,,,,,,,,,,,,,,,,,,,,,,,,,growth,,,,,,,,,,,,,,,,,,,,,,,,,,,,,,,,,,,,,,,,,,,,,,,,,,,,,,,,,,,,,,,,panel_maker
,,,,,,,,,,,,,,,,,,,,,,,,,dual_fuel,,,,,,,,,,,,,,,,,,,,,,,,,,,,,,,,,,,,,,,,,,,,,,,,,,,,,,,,,,,,,,,,blackout_period
,,,,,,,,,,,,,,,,,,,,,,,,,downpayment,,,,,,,,,,,,,,,,,,,,,,,,,,,,,,,,,,,,,,,,,,,,,,,,,,,,,,,,,,,,,,,,long_term
,,,,,,,,,,,,,,,,,,,,,,,,,weak,,,,,,,,,,,,,,,,,,,,,,,,,,,,,,,,,,,,,,,,,,,,,,,,,,,,,,,,,,,,,,,,guess
,,,,,,,,,,,,,,,,,,,,,,,,,half,,,,,,,,,,,,,,,,,,,,,,,,,,,,,,,,,,,,,,,,,,,,,,,,,,,,,,,,,,,,,,,,technology
,,,,,,,,,,,,,,,,,,,,,,,,,book_bill,,,,,,,,,,,,,,,,,,,,,,,,,,,,,,,,,,,,,,,,,,,,,,,,,,,,,,,,,,,,,,,,revolver
,,,,,,,,,,,,,,,,,,,,,,,,,tangible_book,,,,,,,,,,,,,,,,,,,,,,,,,,,,,,,,,,,,,,,,,,,,,,,,,,,,,,,,,,,,,,,,draw_revolver
,,,,,,,,,,,,,,,,,,,,,,,,,booking,,,,,,,,,,,,,,,,,,,,,,,,,,,,,,,,,,,,,,,,,,,,,,,,,,,,,,,,,,,,,,,,ammunition
,,,,,,,,,,,,,,,,,,,,,,,,,backlog,,,,,,,,,,,,,,,,,,,,,,,,,,,,,,,,,,,,,,,,,,,,,,,,,,,,,,,,,,,,,,,,firearm_ammunition
,,,,,,,,,,,,,,,,,,,,,,,,,book,,,,,,,,,,,,,,,,,,,,,,,,,,,,,,,,,,,,,,,,,,,,,,,,,,,,,,,,,,,,,,,,firearm
,,,,,,,,,,,,,,,,,,,,,,,,,order,,,,,,,,,,,,,,,,,,,,,,,,,,,,,,,,,,,,,,,,,,,,,,,,,,,,,,,,,,,,,,,,gun
,,,,,,,,,,,,,,,,,,,,,,,,,dilution,,,,,,,,,,,,,,,,,,,,,,,,,,,,,,,,,,,,,,,,,,,,,,,,,,,,,,,,,,,,,,,,ammo
,,,,,,,,,,,,,,,,,,,,,,,,,ratio,,,,,,,,,,,,,,,,,,,,,,,,,,,,,,,,,,,,,,,,,,,,,,,,,,,,,,,,,,,,,,,,handgun
,,,,,,,,,,,,,,,,,,,,,,,,,quarter,,,,,,,,,,,,,,,,,,,,,,,,,,,,,,,,,,,,,,,,,,,,,,,,,,,,,,,,,,,,,,,,hunt
,,,,,,,,,,,,,,,,,,,,,,,,,award,,,,,,,,,,,,,,,,,,,,,,,,,,,,,,,,,,,,,,,,,,,,,,,,,,,,,,,,,,,,,,,,availability_revolver
,,,,,,,,,,,,,,,,,,,,,,,,,trail_month,,,,,,,,,,,,,,,,,,,,,,,,,,,,,,,,,,,,,,,,,,,,,,,,,,,,,,,,,,,,,,,,caliber
,,,,,,,,,,,,,,,,,,,,,,,,,strong,,,,,,,,,,,,,,,,,,,,,,,,,,,,,,,,,,,,,,,,,,,,,,,,,,,,,,,,,,,,,,,,cash
,,,,,,,,,,,,,,,,,,,,,,,,,revenue,,,,,,,,,,,,,,,,,,,,,,,,,,,,,,,,,,,,,,,,,,,,,,,,,,,,,,,,,,,,,,,,category
,,,,,,,,,,,,,,,,,,,,,,,,,convertible_prefer,,,,,,,,,,,,,,,,,,,,,,,,,,,,,,,,,,,,,,,,,,,,,,,,,,,,,,,,,,,,,,,,draw
,,,,,,,,,,,,,,,,,,,,,,,,,convertible_preferred,,,,,,,,,,,,,,,,,,,,,,,,,,,,,,,,,,,,,,,,,,,,,,,,,,,,,,,,,,,,,,,,demand
,,,,,,,,,,,,,,,,,,,,,,,,,conditional,,,,,,,,,,,,,,,,,,,,,,,,,,,,,,,,,,,,,,,,,,,,,,,,,,,,,,,,,,,,,,,,shotgun
,,,,,,,,,,,,,,,,,,,,,,,,,aerospace_defense,,,,,,,,,,,,,,,,,,,,,,,,,,,,,,,,,,,,,,,,,,,,,,,,,,,,,,,,,,,,,,,,pay
,,,,,,,,,,,,,,,,,,,,,,,,,electronics,,,,,,,,,,,,,,,,,,,,,,,,,,,,,,,,,,,,,,,,,,,,,,,,,,,,,,,,,,,,,,,,liquidity
,,,,,,,,,,,,,,,,,,,,,,,,,electronic,,,,,,,,,,,,,,,,,,,,,,,,,,,,,,,,,,,,,,,,,,,,,,,,,,,,,,,,,,,,,,,,shelf_space
,,,,,,,,,,,,,,,,,,,,,,,,,recompete,,,,,,,,,,,,,,,,,,,,,,,,,,,,,,,,,,,,,,,,,,,,,,,,,,,,,,,,,,,,,,,,covenant
,,,,,,,,,,,,,,,,,,,,,,,,,,,,,,,,,,,,,,,,,,,,,,,,,,,,,,,,,,,,,,,,,,,,,,,,,,,,,,,,,,,,,,,,,sailing_season
,,,,,,,,,,,,,,,,,,,,,,,,,,,,,,,,,,,,,,,,,,,,,,,,,,,,,,,,,,,,,,,,,,,,,,,,,,,,,,,,,,,,,,,,,vessel
,,,,,,,,,,,,,,,,,,,,,,,,,,,,,,,,,,,,,,,,,,,,,,,,,,,,,,,,,,,,,,,,,,,,,,,,,,,,,,,,,,,,,,,,,charter
,,,,,,,,,,,,,,,,,,,,,,,,,,,,,,,,,,,,,,,,,,,,,,,,,,,,,,,,,,,,,,,,,,,,,,,,,,,,,,,,,,,,,,,,,weak_canadian
,,,,,,,,,,,,,,,,,,,,,,,,,,,,,,,,,,,,,,,,,,,,,,,,,,,,,,,,,,,,,,,,,,,,,,,,,,,,,,,,,,,,,,,,,tonnage
,,,,,,,,,,,,,,,,,,,,,,,,,,,,,,,,,,,,,,,,,,,,,,,,,,,,,,,,,,,,,,,,,,,,,,,,,,,,,,,,,,,,,,,,,general_administrative
,,,,,,,,,,,,,,,,,,,,,,,,,,,,,,,,,,,,,,,,,,,,,,,,,,,,,,,,,,,,,,,,,,,,,,,,,,,,,,,,,,,,,,,,,canadian_dollar
,,,,,,,,,,,,,,,,,,,,,,,,,,,,,,,,,,,,,,,,,,,,,,,,,,,,,,,,,,,,,,,,,,,,,,,,,,,,,,,,,,,,,,,,,fiscal
,,,,,,,,,,,,,,,,,,,,,,,,,,,,,,,,,,,,,,,,,,,,,,,,,,,,,,,,,,,,,,,,,,,,,,,,,,,,,,,,,,,,,,,,,ship
,,,,,,,,,,,,,,,,,,,,,,,,,,,,,,,,,,,,,,,,,,,,,,,,,,,,,,,,,,,,,,,,,,,,,,,,,,,,,,,,,,,,,,,,,fleet
,,,,,,,,,,,,,,,,,,,,,,,,,,,,,,,,,,,,,,,,,,,,,,,,,,,,,,,,,,,,,,,,,,,,,,,,,,,,,,,,,,,,,,,,,ago_period
,,,,,,,,,,,,,,,,,,,,,,,,,,,,,,,,,,,,,,,,,,,,,,,,,,,,,,,,,,,,,,,,,,,,,,,,,,,,,,,,,,,,,,,,,boat
,,,,,,,,,,,,,,,,,,,,,,,,,,,,,,,,,,,,,,,,,,,,,,,,,,,,,,,,,,,,,,,,,,,,,,,,,,,,,,,,,,,,,,,,,shuttle_tanker
,,,,,,,,,,,,,,,,,,,,,,,,,,,,,,,,,,,,,,,,,,,,,,,,,,,,,,,,,,,,,,,,,,,,,,,,,,,,,,,,,,,,,,,,,vessel_vessel
,,,,,,,,,,,,,,,,,,,,,,,,,,,,,,,,,,,,,,,,,,,,,,,,,,,,,,,,,,,,,,,,,,,,,,,,,,,,,,,,,,,,,,,,,decrease
,,,,,,,,,,,,,,,,,,,,,,,,,,,,,,,,,,,,,,,,,,,,,,,,,,,,,,,,,,,,,,,,,,,,,,,,,,,,,,,,,,,,,,,,,constant_currency
,,,,,,,,,,,,,,,,,,,,,,,,,,,,,,,,,,,,,,,,,,,,,,,,,,,,,,,,,,,,,,,,,,,,,,,,,,,,,,,,,,,,,,,,,old_vessel
,,,,,,,,,,,,,,,,,,,,,,,,,,,,,,,,,,,,,,,,,,,,,,,,,,,,,,,,,,,,,,,,,,,,,,,,,,,,,,,,,,,,,,,,,detailed_explanation
,,,,,,,,,,,,,,,,,,,,,,,,,,,,,,,,,,,,,,,,,,,,,,,,,,,,,,,,,,,,,,,,,,,,,,,,,,,,,,,,,,,,,,,,,iron_ore
,,,,,,,,,,,,,,,,,,,,,,,,,,,,,,,,,,,,,,,,,,,,,,,,,,,,,,,,,,,,,,,,,,,,,,,,,,,,,,,,,,,,,,,,,barrel_day
,,,,,,,,,,,,,,,,,,,,,,,,,,,,,,,,,,,,,,,,,,,,,,,,,,,,,,,,,,,,,,,,,,,,,,,,,,,,,,,,,,,,,,,,,barrel_oil
,,,,,,,,,,,,,,,,,,,,,,,,,,,,,,,,,,,,,,,,,,,,,,,,,,,,,,,,,,,,,,,,,,,,,,,,,,,,,,,,,,,,,,,,,barrel
,,,,,,,,,,,,,,,,,,,,,,,,,,,,,,,,,,,,,,,,,,,,,,,,,,,,,,,,,,,,,,,,,,,,,,,,,,,,,,,,,,,,,,,,,production
,,,,,,,,,,,,,,,,,,,,,,,,,,,,,,,,,,,,,,,,,,,,,,,,,,,,,,,,,,,,,,,,,,,,,,,,,,,,,,,,,,,,,,,,,ethane_rejection
,,,,,,,,,,,,,,,,,,,,,,,,,,,,,,,,,,,,,,,,,,,,,,,,,,,,,,,,,,,,,,,,,,,,,,,,,,,,,,,,,,,,,,,,,water_injection
,,,,,,,,,,,,,,,,,,,,,,,,,,,,,,,,,,,,,,,,,,,,,,,,,,,,,,,,,,,,,,,,,,,,,,,,,,,,,,,,,,,,,,,,,produce
,,,,,,,,,,,,,,,,,,,,,,,,,,,,,,,,,,,,,,,,,,,,,,,,,,,,,,,,,,,,,,,,,,,,,,,,,,,,,,,,,,,,,,,,,rubiale
,,,,,,,,,,,,,,,,,,,,,,,,,,,,,,,,,,,,,,,,,,,,,,,,,,,,,,,,,,,,,,,,,,,,,,,,,,,,,,,,,,,,,,,,,water_river
,,,,,,,,,,,,,,,,,,,,,,,,,,,,,,,,,,,,,,,,,,,,,,,,,,,,,,,,,,,,,,,,,,,,,,,,,,,,,,,,,,,,,,,,,field
,,,,,,,,,,,,,,,,,,,,,,,,,,,,,,,,,,,,,,,,,,,,,,,,,,,,,,,,,,,,,,,,,,,,,,,,,,,,,,,,,,,,,,,,,capacity
,,,,,,,,,,,,,,,,,,,,,,,,,,,,,,,,,,,,,,,,,,,,,,,,,,,,,,,,,,,,,,,,,,,,,,,,,,,,,,,,,,,,,,,,,ethane_recovery
,,,,,,,,,,,,,,,,,,,,,,,,,,,,,,,,,,,,,,,,,,,,,,,,,,,,,,,,,,,,,,,,,,,,,,,,,,,,,,,,,,,,,,,,,oil
,,,,,,,,,,,,,,,,,,,,,,,,,,,,,,,,,,,,,,,,,,,,,,,,,,,,,,,,,,,,,,,,,,,,,,,,,,,,,,,,,,,,,,,,,plateau
,,,,,,,,,,,,,,,,,,,,,,,,,,,,,,,,,,,,,,,,,,,,,,,,,,,,,,,,,,,,,,,,,,,,,,,,,,,,,,,,,,,,,,,,,gathering_system
,,,,,,,,,,,,,,,,,,,,,,,,,,,,,,,,,,,,,,,,,,,,,,,,,,,,,,,,,,,,,,,,,,,,,,,,,,,,,,,,,,,,,,,,,equivalent
,,,,,,,,,,,,,,,,,,,,,,,,,,,,,,,,,,,,,,,,,,,,,,,,,,,,,,,,,,,,,,,,,,,,,,,,,,,,,,,,,,,,,,,,,alkylate
,,,,,,,,,,,,,,,,,,,,,,,,,,,,,,,,,,,,,,,,,,,,,,,,,,,,,,,,,,,,,,,,,,,,,,,,,,,,,,,,,,,,,,,,,ethane
,,,,,,,,,,,,,,,,,,,,,,,,,,,,,,,,,,,,,,,,,,,,,,,,,,,,,,,,,,,,,,,,,,,,,,,,,,,,,,,,,,,,,,,,,crude
,,,,,,,,,,,,,,,,,,,,,,,,,,,,,,,,,,,,,,,,,,,,,,,,,,,,,,,,,,,,,,,,,,,,,,,,,,,,,,,,,,,,,,,,,capable_handle
,,,,,,,,,,,,,,,,,,,,,,,,,,,,,,,,,,,,,,,,,,,,,,,,,,,,,,,,,,,,,,,,,,,,,,,,,,,,,,,,,,,,,,,,,permian
,,,,,,,,,,,,,,,,,,,,,,,,,,,,,,,,,,,,,,,,,,,,,,,,,,,,,,,,,,,,,,,,,,,,,,,,,,,,,,,,,,,,,,,,,permian_basin
,,,,,,,,,,,,,,,,,,,,,,,,,,,,,,,,,,,,,,,,,,,,,,,,,,,,,,,,,,,,,,,,,,,,,,,,,,,,,,,,,,,,,,,,,basin
,,,,,,,,,,,,,,,,,,,,,,,,,,,,,,,,,,,,,,,,,,,,,,,,,,,,,,,,,,,,,,,,,,,,,,,,,,,,,,,,,,,,,,,,,crude
,,,,,,,,,,,,,,,,,,,,,,,,,,,,,,,,,,,,,,,,,,,,,,,,,,,,,,,,,,,,,,,,,,,,,,,,,,,,,,,,,,,,,,,,,shale_play
,,,,,,,,,,,,,,,,,,,,,,,,,,,,,,,,,,,,,,,,,,,,,,,,,,,,,,,,,,,,,,,,,,,,,,,,,,,,,,,,,,,,,,,,,spread_widen
,,,,,,,,,,,,,,,,,,,,,,,,,,,,,,,,,,,,,,,,,,,,,,,,,,,,,,,,,,,,,,,,,,,,,,,,,,,,,,,,,,,,,,,,,completion
,,,,,,,,,,,,,,,,,,,,,,,,,,,,,,,,,,,,,,,,,,,,,,,,,,,,,,,,,,,,,,,,,,,,,,,,,,,,,,,,,,,,,,,,,horizontal
,,,,,,,,,,,,,,,,,,,,,,,,,,,,,,,,,,,,,,,,,,,,,,,,,,,,,,,,,,,,,,,,,,,,,,,,,,,,,,,,,,,,,,,,,condensate
,,,,,,,,,,,,,,,,,,,,,,,,,,,,,,,,,,,,,,,,,,,,,,,,,,,,,,,,,,,,,,,,,,,,,,,,,,,,,,,,,,,,,,,,,gathering_system
,,,,,,,,,,,,,,,,,,,,,,,,,,,,,,,,,,,,,,,,,,,,,,,,,,,,,,,,,,,,,,,,,,,,,,,,,,,,,,,,,,,,,,,,,oil
,,,,,,,,,,,,,,,,,,,,,,,,,,,,,,,,,,,,,,,,,,,,,,,,,,,,,,,,,,,,,,,,,,,,,,,,,,,,,,,,,,,,,,,,,takeaway
,,,,,,,,,,,,,,,,,,,,,,,,,,,,,,,,,,,,,,,,,,,,,,,,,,,,,,,,,,,,,,,,,,,,,,,,,,,,,,,,,,,,,,,,,gravity
,,,,,,,,,,,,,,,,,,,,,,,,,,,,,,,,,,,,,,,,,,,,,,,,,,,,,,,,,,,,,,,,,,,,,,,,,,,,,,,,,,,,,,,,,drill
,,,,,,,,,,,,,,,,,,,,,,,,,,,,,,,,,,,,,,,,,,,,,,,,,,,,,,,,,,,,,,,,,,,,,,,,,,,,,,,,,,,,,,,,,delineation
,,,,,,,,,,,,,,,,,,,,,,,,,,,,,,,,,,,,,,,,,,,,,,,,,,,,,,,,,,,,,,,,,,,,,,,,,,,,,,,,,,,,,,,,,basin_basin
,,,,,,,,,,,,,,,,,,,,,,,,,,,,,,,,,,,,,,,,,,,,,,,,,,,,,,,,,,,,,,,,,,,,,,,,,,,,,,,,,,,,,,,,,rig
,,,,,,,,,,,,,,,,,,,,,,,,,,,,,,,,,,,,,,,,,,,,,,,,,,,,,,,,,,,,,,,,,,,,,,,,,,,,,,,,,,,,,,,,,area
,,,,,,,,,,,,,,,,,,,,,,,,,,,,,,,,,,,,,,,,,,,,,,,,,,,,,,,,,,,,,,,,,,,,,,,,,,,,,,,,,,,,,,,,,onshore_offshore
,,,,,,,,,,,,,,,,,,,,,,,,,,,,,,,,,,,,,,,,,,,,,,,,,,,,,,,,,,,,,,,,,,,,,,,,,,,,,,,,,,,,,,,,,differential
,,,,,,,,,,,,,,,,,,,,,,,,,,,,,,,,,,,,,,,,,,,,,,,,,,,,,,,,,,,,,,,,,,,,,,,,,,,,,,,,,,,,,,,,,polysilicon
,,,,,,,,,,,,,,,,,,,,,,,,,,,,,,,,,,,,,,,,,,,,,,,,,,,,,,,,,,,,,,,,,,,,,,,,,,,,,,,,,,,,,,,,,silicon_metal
,,,,,,,,,,,,,,,,,,,,,,,,,,,,,,,,,,,,,,,,,,,,,,,,,,,,,,,,,,,,,,,,,,,,,,,,,,,,,,,,,,,,,,,,,ethylene
,,,,,,,,,,,,,,,,,,,,,,,,,,,,,,,,,,,,,,,,,,,,,,,,,,,,,,,,,,,,,,,,,,,,,,,,,,,,,,,,,,,,,,,,,polyethylene
,,,,,,,,,,,,,,,,,,,,,,,,,,,,,,,,,,,,,,,,,,,,,,,,,,,,,,,,,,,,,,,,,,,,,,,,,,,,,,,,,,,,,,,,,wafer
,,,,,,,,,,,,,,,,,,,,,,,,,,,,,,,,,,,,,,,,,,,,,,,,,,,,,,,,,,,,,,,,,,,,,,,,,,,,,,,,,,,,,,,,,metric_ton
,,,,,,,,,,,,,,,,,,,,,,,,,,,,,,,,,,,,,,,,,,,,,,,,,,,,,,,,,,,,,,,,,,,,,,,,,,,,,,,,,,,,,,,,,poly
,,,,,,,,,,,,,,,,,,,,,,,,,,,,,,,,,,,,,,,,,,,,,,,,,,,,,,,,,,,,,,,,,,,,,,,,,,,,,,,,,,,,,,,,,silicone
,,,,,,,,,,,,,,,,,,,,,,,,,,,,,,,,,,,,,,,,,,,,,,,,,,,,,,,,,,,,,,,,,,,,,,,,,,,,,,,,,,,,,,,,,polypropylene
,,,,,,,,,,,,,,,,,,,,,,,,,,,,,,,,,,,,,,,,,,,,,,,,,,,,,,,,,,,,,,,,,,,,,,,,,,,,,,,,,,,,,,,,,poly_wafer
,,,,,,,,,,,,,,,,,,,,,,,,,,,,,,,,,,,,,,,,,,,,,,,,,,,,,,,,,,,,,,,,,,,,,,,,,,,,,,,,,,,,,,,,,price
,,,,,,,,,,,,,,,,,,,,,,,,,,,,,,,,,,,,,,,,,,,,,,,,,,,,,,,,,,,,,,,,,,,,,,,,,,,,,,,,,,,,,,,,,silicon
,,,,,,,,,,,,,,,,,,,,,,,,,,,,,,,,,,,,,,,,,,,,,,,,,,,,,,,,,,,,,,,,,,,,,,,,,,,,,,,,,,,,,,,,,propylene
,,,,,,,,,,,,,,,,,,,,,,,,,,,,,,,,,,,,,,,,,,,,,,,,,,,,,,,,,,,,,,,,,,,,,,,,,,,,,,,,,,,,,,,,,thin_film
,,,,,,,,,,,,,,,,,,,,,,,,,,,,,,,,,,,,,,,,,,,,,,,,,,,,,,,,,,,,,,,,,,,,,,,,,,,,,,,,,,,,,,,,,demand
,,,,,,,,,,,,,,,,,,,,,,,,,,,,,,,,,,,,,,,,,,,,,,,,,,,,,,,,,,,,,,,,,,,,,,,,,,,,,,,,,,,,,,,,,fbr
,,,,,,,,,,,,,,,,,,,,,,,,,,,,,,,,,,,,,,,,,,,,,,,,,,,,,,,,,,,,,,,,,,,,,,,,,,,,,,,,,,,,,,,,,solar
,,,,,,,,,,,,,,,,,,,,,,,,,,,,,,,,,,,,,,,,,,,,,,,,,,,,,,,,,,,,,,,,,,,,,,,,,,,,,,,,,,,,,,,,,high_purity
,,,,,,,,,,,,,,,,,,,,,,,,,,,,,,,,,,,,,,,,,,,,,,,,,,,,,,,,,,,,,,,,,,,,,,,,,,,,,,,,,,,,,,,,,polymer
,,,,,,,,,,,,,,,,,,,,,,,,,,,,,,,,,,,,,,,,,,,,,,,,,,,,,,,,,,,,,,,,,,,,,,,,,,,,,,,,,,,,,,,,,raw_material
,,,,,,,,,,,,,,,,,,,,,,,,,,,,,,,,,,,,,,,,,,,,,,,,,,,,,,,,,,,,,,,,,,,,,,,,,,,,,,,,,,,,,,,,,autonomous_driving
,,,,,,,,,,,,,,,,,,,,,,,,,,,,,,,,,,,,,,,,,,,,,,,,,,,,,,,,,,,,,,,,,,,,,,,,,,,,,,,,,,,,,,,,,autonomous_vehicle
,,,,,,,,,,,,,,,,,,,,,,,,,,,,,,,,,,,,,,,,,,,,,,,,,,,,,,,,,,,,,,,,,,,,,,,,,,,,,,,,,,,,,,,,,autonomous
,,,,,,,,,,,,,,,,,,,,,,,,,,,,,,,,,,,,,,,,,,,,,,,,,,,,,,,,,,,,,,,,,,,,,,,,,,,,,,,,,,,,,,,,,auto
,,,,,,,,,,,,,,,,,,,,,,,,,,,,,,,,,,,,,,,,,,,,,,,,,,,,,,,,,,,,,,,,,,,,,,,,,,,,,,,,,,,,,,,,,light_vehicle
,,,,,,,,,,,,,,,,,,,,,,,,,,,,,,,,,,,,,,,,,,,,,,,,,,,,,,,,,,,,,,,,,,,,,,,,,,,,,,,,,,,,,,,,,robot
,,,,,,,,,,,,,,,,,,,,,,,,,,,,,,,,,,,,,,,,,,,,,,,,,,,,,,,,,,,,,,,,,,,,,,,,,,,,,,,,,,,,,,,,,deep_learning
,,,,,,,,,,,,,,,,,,,,,,,,,,,,,,,,,,,,,,,,,,,,,,,,,,,,,,,,,,,,,,,,,,,,,,,,,,,,,,,,,,,,,,,,,automation
,,,,,,,,,,,,,,,,,,,,,,,,,,,,,,,,,,,,,,,,,,,,,,,,,,,,,,,,,,,,,,,,,,,,,,,,,,,,,,,,,,,,,,,,,car
,,,,,,,,,,,,,,,,,,,,,,,,,,,,,,,,,,,,,,,,,,,,,,,,,,,,,,,,,,,,,,,,,,,,,,,,,,,,,,,,,,,,,,,,,autonomous_car
,,,,,,,,,,,,,,,,,,,,,,,,,,,,,,,,,,,,,,,,,,,,,,,,,,,,,,,,,,,,,,,,,,,,,,,,,,,,,,,,,,,,,,,,,automotive
,,,,,,,,,,,,,,,,,,,,,,,,,,,,,,,,,,,,,,,,,,,,,,,,,,,,,,,,,,,,,,,,,,,,,,,,,,,,,,,,,,,,,,,,,vehicle
,,,,,,,,,,,,,,,,,,,,,,,,,,,,,,,,,,,,,,,,,,,,,,,,,,,,,,,,,,,,,,,,,,,,,,,,,,,,,,,,,,,,,,,,,robotic
,,,,,,,,,,,,,,,,,,,,,,,,,,,,,,,,,,,,,,,,,,,,,,,,,,,,,,,,,,,,,,,,,,,,,,,,,,,,,,,,,,,,,,,,,automaker
,,,,,,,,,,,,,,,,,,,,,,,,,,,,,,,,,,,,,,,,,,,,,,,,,,,,,,,,,,,,,,,,,,,,,,,,,,,,,,,,,,,,,,,,,home_automation
,,,,,,,,,,,,,,,,,,,,,,,,,,,,,,,,,,,,,,,,,,,,,,,,,,,,,,,,,,,,,,,,,,,,,,,,,,,,,,,,,,,,,,,,,automate
,,,,,,,,,,,,,,,,,,,,,,,,,,,,,,,,,,,,,,,,,,,,,,,,,,,,,,,,,,,,,,,,,,,,,,,,,,,,,,,,,,,,,,,,,semi_autonomous
,,,,,,,,,,,,,,,,,,,,,,,,,,,,,,,,,,,,,,,,,,,,,,,,,,,,,,,,,,,,,,,,,,,,,,,,,,,,,,,,,,,,,,,,,motor_controller
,,,,,,,,,,,,,,,,,,,,,,,,,,,,,,,,,,,,,,,,,,,,,,,,,,,,,,,,,,,,,,,,,,,,,,,,,,,,,,,,,,,,,,,,,mapping
,,,,,,,,,,,,,,,,,,,,,,,,,,,,,,,,,,,,,,,,,,,,,,,,,,,,,,,,,,,,,,,,,,,,,,,,,,,,,,,,,,,,,,,,,automate_driving
,,,,,,,,,,,,,,,,,,,,,,,,,,,,,,,,,,,,,,,,,,,,,,,,,,,,,,,,,,,,,,,,,,,,,,,,,,,,,,,,,,,,,,,,,lithium
,,,,,,,,,,,,,,,,,,,,,,,,,,,,,,,,,,,,,,,,,,,,,,,,,,,,,,,,,,,,,,,,,,,,,,,,,,,,,,,,,,,,,,,,,cement
,,,,,,,,,,,,,,,,,,,,,,,,,,,,,,,,,,,,,,,,,,,,,,,,,,,,,,,,,,,,,,,,,,,,,,,,,,,,,,,,,,,,,,,,,battery
,,,,,,,,,,,,,,,,,,,,,,,,,,,,,,,,,,,,,,,,,,,,,,,,,,,,,,,,,,,,,,,,,,,,,,,,,,,,,,,,,,,,,,,,,price
,,,,,,,,,,,,,,,,,,,,,,,,,,,,,,,,,,,,,,,,,,,,,,,,,,,,,,,,,,,,,,,,,,,,,,,,,,,,,,,,,,,,,,,,,tantalum
,,,,,,,,,,,,,,,,,,,,,,,,,,,,,,,,,,,,,,,,,,,,,,,,,,,,,,,,,,,,,,,,,,,,,,,,,,,,,,,,,,,,,,,,,grade
,,,,,,,,,,,,,,,,,,,,,,,,,,,,,,,,,,,,,,,,,,,,,,,,,,,,,,,,,,,,,,,,,,,,,,,,,,,,,,,,,,,,,,,,,volume
,,,,,,,,,,,,,,,,,,,,,,,,,,,,,,,,,,,,,,,,,,,,,,,,,,,,,,,,,,,,,,,,,,,,,,,,,,,,,,,,,,,,,,,,,brine
,,,,,,,,,,,,,,,,,,,,,,,,,,,,,,,,,,,,,,,,,,,,,,,,,,,,,,,,,,,,,,,,,,,,,,,,,,,,,,,,,,,,,,,,,demand
,,,,,,,,,,,,,,,,,,,,,,,,,,,,,,,,,,,,,,,,,,,,,,,,,,,,,,,,,,,,,,,,,,,,,,,,,,,,,,,,,,,,,,,,,increase
,,,,,,,,,,,,,,,,,,,,,,,,,,,,,,,,,,,,,,,,,,,,,,,,,,,,,,,,,,,,,,,,,,,,,,,,,,,,,,,,,,,,,,,,,acid
,,,,,,,,,,,,,,,,,,,,,,,,,,,,,,,,,,,,,,,,,,,,,,,,,,,,,,,,,,,,,,,,,,,,,,,,,,,,,,,,,,,,,,,,,supply
,,,,,,,,,,,,,,,,,,,,,,,,,,,,,,,,,,,,,,,,,,,,,,,,,,,,,,,,,,,,,,,,,,,,,,,,,,,,,,,,,,,,,,,,,extract
,,,,,,,,,,,,,,,,,,,,,,,,,,,,,,,,,,,,,,,,,,,,,,,,,,,,,,,,,,,,,,,,,,,,,,,,,,,,,,,,,,,,,,,,,ton
,,,,,,,,,,,,,,,,,,,,,,,,,,,,,,,,,,,,,,,,,,,,,,,,,,,,,,,,,,,,,,,,,,,,,,,,,,,,,,,,,,,,,,,,,arbitration
,,,,,,,,,,,,,,,,,,,,,,,,,,,,,,,,,,,,,,,,,,,,,,,,,,,,,,,,,,,,,,,,,,,,,,,,,,,,,,,,,,,,,,,,,plant
,,,,,,,,,,,,,,,,,,,,,,,,,,,,,,,,,,,,,,,,,,,,,,,,,,,,,,,,,,,,,,,,,,,,,,,,,,,,,,,,,,,,,,,,,apple_orange
,,,,,,,,,,,,,,,,,,,,,,,,,,,,,,,,,,,,,,,,,,,,,,,,,,,,,,,,,,,,,,,,,,,,,,,,,,,,,,,,,,,,,,,,,middle_budgeting
,,,,,,,,,,,,,,,,,,,,,,,,,,,,,,,,,,,,,,,,,,,,,,,,,,,,,,,,,,,,,,,,,,,,,,,,,,,,,,,,,,,,,,,,,cement_aggregate
,,,,,,,,,,,,,,,,,,,,,,,,,,,,,,,,,,,,,,,,,,,,,,,,,,,,,,,,,,,,,,,,,,,,,,,,,,,,,,,,,,,,,,,,,import
,,,,,,,,,,,,,,,,,,,,,,,,,,,,,,,,,,,,,,,,,,,,,,,,,,,,,,,,,,,,,,,,,,,,,,,,,,,,,,,,,,,,,,,,,fuel_surcharge
,,,,,,,,,,,,,,,,,,,,,,,,,,,,,,,,,,,,,,,,,,,,,,,,,,,,,,,,,,,,,,,,,,,,,,,,,,,,,,,,,,,,,,,,,fuel
,,,,,,,,,,,,,,,,,,,,,,,,,,,,,,,,,,,,,,,,,,,,,,,,,,,,,,,,,,,,,,,,,,,,,,,,,,,,,,,,,,,,,,,,,surcharge
,,,,,,,,,,,,,,,,,,,,,,,,,,,,,,,,,,,,,,,,,,,,,,,,,,,,,,,,,,,,,,,,,,,,,,,,,,,,,,,,,,,,,,,,,diesel
,,,,,,,,,,,,,,,,,,,,,,,,,,,,,,,,,,,,,,,,,,,,,,,,,,,,,,,,,,,,,,,,,,,,,,,,,,,,,,,,,,,,,,,,,fare
,,,,,,,,,,,,,,,,,,,,,,,,,,,,,,,,,,,,,,,,,,,,,,,,,,,,,,,,,,,,,,,,,,,,,,,,,,,,,,,,,,,,,,,,,currency_neutral
,,,,,,,,,,,,,,,,,,,,,,,,,,,,,,,,,,,,,,,,,,,,,,,,,,,,,,,,,,,,,,,,,,,,,,,,,,,,,,,,,,,,,,,,,rodney
,,,,,,,,,,,,,,,,,,,,,,,,,,,,,,,,,,,,,,,,,,,,,,,,,,,,,,,,,,,,,,,,,,,,,,,,,,,,,,,,,,,,,,,,,tow
,,,,,,,,,,,,,,,,,,,,,,,,,,,,,,,,,,,,,,,,,,,,,,,,,,,,,,,,,,,,,,,,,,,,,,,,,,,,,,,,,,,,,,,,,shape_form
,,,,,,,,,,,,,,,,,,,,,,,,,,,,,,,,,,,,,,,,,,,,,,,,,,,,,,,,,,,,,,,,,,,,,,,,,,,,,,,,,,,,,,,,,fritz
,,,,,,,,,,,,,,,,,,,,,,,,,,,,,,,,,,,,,,,,,,,,,,,,,,,,,,,,,,,,,,,,,,,,,,,,,,,,,,,,,,,,,,,,,exuberant
,,,,,,,,,,,,,,,,,,,,,,,,,,,,,,,,,,,,,,,,,,,,,,,,,,,,,,,,,,,,,,,,,,,,,,,,,,,,,,,,,,,,,,,,,freight
,,,,,,,,,,,,,,,,,,,,,,,,,,,,,,,,,,,,,,,,,,,,,,,,,,,,,,,,,,,,,,,,,,,,,,,,,,,,,,,,,,,,,,,,,price
,,,,,,,,,,,,,,,,,,,,,,,,,,,,,,,,,,,,,,,,,,,,,,,,,,,,,,,,,,,,,,,,,,,,,,,,,,,,,,,,,,,,,,,,,tedious
,,,,,,,,,,,,,,,,,,,,,,,,,,,,,,,,,,,,,,,,,,,,,,,,,,,,,,,,,,,,,,,,,,,,,,,,,,,,,,,,,,,,,,,,,leaf
,,,,,,,,,,,,,,,,,,,,,,,,,,,,,,,,,,,,,,,,,,,,,,,,,,,,,,,,,,,,,,,,,,,,,,,,,,,,,,,,,,,,,,,,,currency
,,,,,,,,,,,,,,,,,,,,,,,,,,,,,,,,,,,,,,,,,,,,,,,,,,,,,,,,,,,,,,,,,,,,,,,,,,,,,,,,,,,,,,,,,correlate
,,,,,,,,,,,,,,,,,,,,,,,,,,,,,,,,,,,,,,,,,,,,,,,,,,,,,,,,,,,,,,,,,,,,,,,,,,,,,,,,,,,,,,,,,airfare
